holding_period,std_strip_rf,std_mkt_rf,std_strip_2y,std_mkt_10y
1,66.48903760916679,16.068481951339816,66.41649065649334,18.221772057367332
6,52.335830007816185,16.683425750744195,52.58693564516582,19.898035274485352
12,47.560007705743104,17.295174265599083,47.9778582926305,20.06770146436116
18,38.768718788543886,17.37373686731783,39.43685977676431,20.0905746755748
24,34.29368537928006,17.174796596213245,35.196403916941556,19.87565930433792
30,30.700924703156772,16.42413850673439,31.932027998005672,18.979341322799996
36,28.68118072236026,15.925994030936142,30.052840305581718,18.46880774828889
