statistic,value,paper_value
avg_diff_bp,8.148502949692515,7.0
rel_full_pct,3.1357919786936557,2.82
rel_first_half_pct,0.9361655296902147,0.64
rel_second_half_pct,12.43746119429326,11.8
