scenario,avg_diff_bp,rel_diff_pct,worst_month_removed
all_extension_months,-31.154283862753914,-5.9177198382789395,
without_worst_month,-20.861041617352992,-3.9798533257734894,2023-09-29
